Food Category,Meal Type,Calories,Protein,Carbs,Fat,Saturated Fat,Fiber,Sugar,Sodium,Water
Grains,Dinner,365,13.0,74.0,2.5,0.4,7.3,0.7,9,10.1
SEAL,Breakfast,270,62.4,0.0,2.3,0.5,0.0,0.0,130,34.9
Fruits,Dinner,89,1.1,22.8,0.3,0.1,4.4,15.2,2,74.9
JELLIES,Breakfast,278,0.1,69.0,0.1,0.0,0.2,68.9,32,30.6
LEMONADE,Dinner,41,0.0,10.3,0.0,0.0,0.0,10.1,2,89.7
POLLOCK,Dinner,92,20.4,0.0,0.9,0.2,0.0,0.0,86,78.2
JUICE,Lunch,46,0.1,11.3,0.1,0.0,0.2,9.6,4,88.2
Fruits,Snack,52,0.3,13.8,0.2,0.1,2.4,10.4,1,85.4
Meat,Snack,250,26.0,0.0,15.4,6.2,0.0,0.0,65,58.0
Fruits,Dinner,89,1.1,22.8,0.3,0.1,4.4,15.2,2,74.9
PIE,Dinner,237,2.4,34.9,9.7,2.4,1.1,14.1,288,52.2
TURKEY,Lunch,150,29.6,0.0,2.6,0.9,0.0,0.0,67,67.6
Dairy,Breakfast,61,3.4,4.7,3.3,2.0,0.0,4.7,44,87.9
Grains,Breakfast,365,13.0,74.0,2.5,0.4,7.3,0.7,9,10.1
MILKFISH,Lunch,162,20.5,0.0,8.1,2.3,0.0,0.0,78,70.0
Vegetables,Lunch,25,2.8,4.8,0.4,0.1,2.6,2.3,33,89.3
MACKEREL,Snack,262,23.9,0.0,17.8,4.2,0.0,0.0,83,53.3
Grains,Dinner,365,13.0,74.0,2.5,0.4,7.3,0.7,9,10.1
VANILLA EXTRACT,Dinner,288,0.1,12.6,0.1,0.0,0.0,12.6,9,83.3
Beverages,Lunch,42,0.1,10.6,0.0,0.0,0.0,10.6,2,89.3
GRAVY,Dinner,89,2.8,6.4,6.7,1.7,0.4,0.8,1076,82.1
EMU,Lunch,145,21.4,0.0,6.3,2.0,0.0,0.0,45,71.3
Beverages,Breakfast,39,0.1,9.8,0.0,0.0,0.0,9.6,5,90.1
Fruits,Dinner,89,1.1,22.8,0.3,0.1,4.4,15.2,2,74.9
Snacks,Lunch,534,5.3,65.1,27.9,12.4,2.1,38.5,393,2.1
SEA BASS,Breakfast,97,18.4,0.0,2.0,0.5,0.0,0.0,68,78.3
Vegetables,Dinner,25,2.8,4.8,0.4,0.1,2.6,2.3,33,89.3
SILK PLUS FIBER,Breakfast,52,3.3,8.7,1.6,0.2,0.6,7.3,95,86.2
PORK,Snack,230,26.6,0.0,12.9,4.1,0.0,0.0,57,59.3
Meat,Lunch,250,26.0,0.0,15.4,6.2,0.0,0.0,65,58.0
COOKIES,Dinner,502,5.6,64.0,25.0,6.1,2.3,25.0,375,2.1
CEREALS RTE,Snack,382,5.5,88.0,1.0,0.3,0.3,31.0,726,2.9
HALIBUT,Dinner,111,20.9,0.0,2.3,0.3,0.0,0.0,54,76.8
BF,Dinner,250,26.1,0.0,15.4,6.2,0.0,0.0,65,58.0
MORNINGSTAR FARMS RSTD HERB CHIK'N W/ ORG SOY,Dinner,189,12.0,9.0,12.0,1.8,4.0,1.0,380,62.0
BEEF,Snack,250,26.1,0.0,15.4,6.2,0.0,0.0,65,58.0
Beverages,Snack,42,0.1,10.6,0.0,0.0,0.0,10.6,2,89.3
Dairy,Snack,113,3.2,4.3,9.3,6.1,0.0,4.3,105,82.7
Dairy,Dinner,113,3.2,4.3,9.3,6.1,0.0,4.3,105,82.7
PORK,Dinner,242,27.3,0.0,14.0,5.2,0.0,0.0,62,57.9
No Category,Dinner,250,20.0,15.0,12.0,3.0,2.0,8.0,400,50.0
SILK LT CHOC,Dinner,49,2.1,9.1,0.6,0.1,0.8,7.8,41,87.6
CAMPBELL SOUP COMPANY,Snack,106,4.6,19.2,1.2,0.4,5.4,6.2,338,73.7
CAMPBELL SOUP,Breakfast,48,2.3,8.7,0.6,0.3,1.2,2.4,460,87.4
Meat,Dinner,250,26.0,0.0,15.4,6.2,0.0,0.0,65,58.0
CREAMY DRSNG,Breakfast,468,1.0,16.0,48.0,7.3,0.0,3.3,932,31.0
Vegetables,Dinner,25,2.8,4.8,0.4,0.1,2.6,2.3,33,89.3
FAST FOODS,Snack,272,13.0,31.0,11.5,4.6,2.1,5.0,825,41.4
Meat,Snack,250,26.0,0.0,15.4,6.2,0.0,0.0,65,58.0
Fruits,Lunch,89,1.1,22.8,0.3,0.1,4.4,15.2,2,74.9
Vegetables,Lunch,25,2.8,4.8,0.4,0.1,2.6,2.3,33,89.3
Meat,Dinner,250,26.0,0.0,15.4,6.2,0.0,0.0,65,58.0
Grains,Breakfast,365,13.0,74.0,2.5,0.4,7.3,0.7,9,10.1
AGUTUK,Dinner,470,9.0,10.5,43.5,8.6,0.0,0.0,24,34.0
PORK,Breakfast,177,21.6,0.4,9.9,3.2,0.0,0.1,816,65.2
Vegetables,Lunch,25,2.8,4.8,0.4,0.1,2.6,2.3,33,89.3
CEREALS,Breakfast,61,2.7,13.7,0.4,0.1,3.4,0.0,82,82.7
MILK,Lunch,61,3.1,4.5,3.5,2.2,0.0,4.5,3,88.2
COD,Snack,82,17.8,0.0,0.7,0.1,0.0,0.0,54,81.2
CAMPBELL'S RED & WHITE,Lunch,48,2.3,8.7,0.6,0.3,1.2,2.4,460,87.4
RADISHES,Lunch,16,0.7,2.0,0.1,0.0,1.6,1.9,39,95.3
Snacks,Snack,534,5.3,65.1,27.9,12.4,2.1,38.5,393,2.1
Beverages,Dinner,39,0.1,9.8,0.0,0.0,0.0,9.6,5,90.1
CEREALS RTE,Lunch,377,6.8,84.4,1.8,0.3,8.7,21.2,732,4.1
MCDONALD'S,Snack,272,13.0,31.0,11.5,4.6,2.1,5.0,825,41.4
Meat,Lunch,250,26.0,0.0,15.4,6.2,0.0,0.0,65,58.0
CAKE,Snack,367,4.9,56.8,14.1,3.9,1.6,45.4,513,21.8
Beverages,Lunch,42,0.1,10.6,0.0,0.0,0.0,10.6,2,89.3
Fruits,Breakfast,52,0.3,13.8,0.2,0.1,2.4,10.4,1,85.4
Beverages,Lunch,42,0.1,10.6,0.0,0.0,0.0,10.6,2,89.3
LAMB,Snack,278,23.1,0.0,19.9,8.2,0.0,0.0,82,55.9
Dairy,Breakfast,61,3.4,4.7,3.3,2.0,0.0,4.7,44,87.9
No Category,Snack,250,20.0,15.0,12.0,3.0,2.0,8.0,400,50.0
Vegetables,Lunch,25,2.8,4.8,0.4,0.1,2.6,2.3,33,89.3
PORK,Dinner,591,7.6,0.0,61.9,22.7,0.0,0.0,624,28.9
ALMONDS,Dinner,579,21.2,21.6,49.9,3.8,12.5,4.4,1,4.4
Fruits,Dinner,89,1.1,22.8,0.3,0.1,4.4,15.2,2,74.9
ENTREES,Dinner,232,14.7,17.0,12.3,2.8,0.5,2.5,532,53.6
PORK,Lunch,125,24.5,0.3,2.9,0.9,0.0,4.2,1308,73.0
CABBAGE,Snack,25,1.3,5.8,0.1,0.0,2.5,3.2,18,91.0
Dairy,Snack,113,3.2,4.3,9.3,6.1,0.0,4.3,105,82.7
MCDONALD'S,Dinner,272,13.0,31.0,11.5,4.6,2.1,5.0,825,41.4
HYACINTH-BEANS,Lunch,50,3.0,9.2,0.3,0.1,3.8,1.9,238,86.9
Snacks,Breakfast,534,5.3,65.1,27.9,12.4,2.1,38.5,393,2.1
INF FORM,Breakfast,66,1.4,6.9,3.7,1.2,0.0,6.9,16,87.8
CAMPBELL SOUP COMPANY,Dinner,48,2.3,8.7,0.6,0.3,1.2,2.4,460,87.4
SOUP,Snack,48,2.3,8.7,0.6,0.3,1.2,2.4,460,87.4
Vegetables,Lunch,25,2.8,4.8,0.4,0.1,2.6,2.3,33,89.3
CHICKEN,Snack,165,31.0,0.0,3.6,1.0,0.0,0.0,74,65.1
Fruits,Snack,52,0.3,13.8,0.2,0.1,2.4,10.4,1,85.4
GAME MEAT,Snack,158,30.2,0.0,3.4,1.4,0.0,0.0,51,65.6
POPEYES,Breakfast,265,23.0,8.1,15.6,5.2,0.4,0.0,530,51.0
Vegetables,Breakfast,25,2.8,4.8,0.4,0.1,2.6,2.3,33,89.3
CEREALS RTE,Lunch,377,6.8,84.4,1.8,0.3,8.7,21.2,732,4.1
Chicken,Breakfast,250,20.0,15.0,12.0,3.0,2.0,8.0,400,50.0
WHEAT FLR,Breakfast,364,10.3,76.3,1.0,0.2,2.7,0.3,2,11.9
Snacks,Breakfast,534,5.3,65.1,27.9,12.4,2.1,38.5,393,2.1
CEREALS,Dinner,377,6.8,84.4,1.8,0.3,8.7,21.2,732,4.1
LAMB,Dinner,258,25.6,0.0,16.5,7.3,0.0,0.0,72,57.8
Snacks,Dinner,534,5.3,65.1,27.9,12.4,2.1,38.5,393,2.1
FRUIT PUNCH JUC DRK,Breakfast,42,0.1,10.4,0.2,0.0,0.0,10.4,5,89.2
Snacks,Breakfast,534,5.3,65.1,27.9,12.4,2.1,38.5,393,2.1
MOOSE,Snack,134,29.6,0.0,1.0,0.4,0.0,0.0,65,69.2
LAMB,Breakfast,260,16.8,0.0,20.9,9.2,0.0,0.0,60,61.8
Fruits,Dinner,89,1.1,22.8,0.3,0.1,4.4,15.2,2,74.9
RICE FLOUR,Snack,366,5.9,80.1,1.4,0.4,2.4,0.1,0,12.0
Fruits,Lunch,52,0.3,13.8,0.2,0.1,2.4,10.4,1,85.4
Dairy,Dinner,113,3.2,4.3,9.3,6.1,0.0,4.3,105,82.7
ARCHWAY Home Style Cookies,Breakfast,502,5.6,64.0,25.0,6.1,2.3,25.0,375,2.1
Beverages,Dinner,39,0.1,9.8,0.0,0.0,0.0,9.6,5,90.1
Grains,Snack,365,13.0,74.0,2.5,0.4,7.3,0.7,9,10.1
PORK,Dinner,227,27.6,0.0,12.1,4.6,0.0,0.0,154,59.2
GAME MEAT,Breakfast,133,21.4,0.0,4.6,1.4,0.0,0.0,53,72.6
FISH OIL,Lunch,902,0.0,0.0,100.0,22.6,0.0,0.0,0,0.0
BEANS,Breakfast,127,8.7,22.8,0.5,0.1,7.4,0.3,2,66.9
Meat,Breakfast,250,26.0,0.0,15.4,6.2,0.0,0.0,65,58.0
CEREALS,Snack,56,2.0,11.8,0.5,0.1,2.7,0.0,2,85.4
SALMONBERRIES,Dinner,42,0.8,9.6,0.6,0.0,3.6,4.9,1,84.1
MCDONALD'S,Breakfast,313,1.9,71.5,3.3,1.8,0.0,43.2,170,22.5
SOUP,Lunch,48,2.3,8.7,0.6,0.3,1.2,2.4,460,87.4
MALTED DRK MIX,Dinner,85,3.4,11.2,3.3,1.9,0.5,6.7,60,81.3
WATER,Lunch,0,0.0,0.0,0.0,0.0,0.0,0.0,0,100.0
Grains,Dinner,365,13.0,74.0,2.5,0.4,7.3,0.7,9,10.1
Meat,Dinner,250,26.0,0.0,15.4,6.2,0.0,0.0,65,58.0
MARGARINE,Breakfast,717,0.2,0.9,80.5,16.3,0.0,0.9,943,17.1
Dairy,Dinner,113,3.2,4.3,9.3,6.1,0.0,4.3,105,82.7
PORK,Dinner,186,20.3,0.0,11.0,3.8,0.0,0.0,56,67.8
BEEF,Lunch,277,26.3,0.0,18.2,7.0,0.0,0.0,93,54.5
Vegetables,Dinner,25,2.8,4.8,0.4,0.1,2.6,2.3,33,89.3
PISTACHIO NUTS,Dinner,560,20.2,27.2,45.3,5.4,10.6,7.7,1,4.2
Meat,Dinner,250,26.0,0.0,15.4,6.2,0.0,0.0,65,58.0
MILK,Breakfast,64,3.3,4.7,3.7,2.3,0.0,4.7,49,87.7
SALAD DRSNG,Dinner,449,0.0,2.5,50.1,9.1,0.0,2.5,1,47.4
VEAL,Lunch,172,21.9,0.0,8.6,4.0,0.0,0.0,82,68.8
WORTHINGTON FRIPATS,Lunch,189,12.0,9.0,12.0,1.8,4.0,1.0,380,62.0
Beverages,Dinner,39,0.1,9.8,0.0,0.0,0.0,9.6,5,90.1
GELATIN DSSRT,Dinner,62,1.5,14.2,0.0,0.0,0.0,14.2,105,84.1
Vegetables,Breakfast,25,2.8,4.8,0.4,0.1,2.6,2.3,33,89.3
Beverages,Dinner,39,0.1,9.8,0.0,0.0,0.0,9.6,5,90.1
CHEESE,Dinner,402,25.2,1.3,33.1,21.1,0.0,1.3,621,39.1
CAKE,Breakfast,367,4.9,56.8,14.1,3.9,1.6,45.4,513,21.8
MCDONALD'S,Breakfast,244,14.1,22.2,11.6,4.0,1.6,5.1,427,50.4
Dairy,Lunch,113,3.2,4.3,9.3,6.1,0.0,4.3,105,82.7
PORK,Dinner,242,27.3,0.0,14.0,5.2,0.0,0.0,62,57.9
Fruits,Lunch,89,1.1,22.8,0.3,0.1,4.4,15.2,2,74.9
SAUSAGE,Lunch,301,13.0,1.6,27.3,9.9,0.0,0.0,1207,55.8
Grains,Dinner,365,13.0,74.0,2.5,0.4,7.3,0.7,9,10.1
Vegetables,Snack,25,2.8,4.8,0.4,0.1,2.6,2.3,33,89.3
CANDIES,Lunch,485,3.3,59.6,25.9,2.2,3.5,55.8,48,10.4
CRISPED RICE BAR,Breakfast,471,10.1,64.4,20.3,3.8,6.9,29.4,390,3.0
Meat,Lunch,250,26.0,0.0,15.4,6.2,0.0,0.0,65,58.0
Snacks,Breakfast,534,5.3,65.1,27.9,12.4,2.1,38.5,393,2.1
YARDLONG BNS,Dinner,47,2.8,10.0,0.1,0.0,3.8,2.5,4,83.8
Beverages,Breakfast,39,0.1,9.8,0.0,0.0,0.0,9.6,5,90.1
BEETS,Snack,43,1.6,9.6,0.2,0.0,2.8,6.8,78,87.6
CHEESE,Dinner,402,25.2,1.3,33.1,21.1,0.0,1.3,621,39.1
Dairy,Snack,113,3.2,4.3,9.3,6.1,0.0,4.3,105,82.7
Fruits,Snack,52,0.3,13.8,0.2,0.1,2.4,10.4,1,85.4
Dairy,Lunch,113,3.2,4.3,9.3,6.1,0.0,4.3,105,82.7
LAMB,Lunch,258,25.6,0.0,16.5,7.3,0.0,0.0,72,57.8
CHICKEN,Snack,165,31.0,0.0,3.6,1.0,0.0,0.0,74,65.1
APPLES,Dinner,52,0.3,13.8,0.2,0.0,2.4,10.4,1,85.8
SAUSAGE,Lunch,230,10.5,2.6,19.4,7.1,0.0,0.0,969,64.9
CAMPBELL,Breakfast,102,4.4,13.1,3.6,1.4,1.2,4.8,393,78.1
Grains,Dinner,365,13.0,74.0,2.5,0.4,7.3,0.7,9,10.1
Vegetables,Dinner,25,2.8,4.8,0.4,0.1,2.6,2.3,33,89.3
EGGNOG-FLAVOR MIX,Breakfast,429,13.3,68.0,13.3,8.0,0.0,68.0,267,4.0
Dairy,Breakfast,61,3.4,4.7,3.3,2.0,0.0,4.7,44,87.9
SOUP,Lunch,48,2.3,8.7,0.6,0.3,1.2,2.4,460,87.4
BEEF,Breakfast,250,26.1,0.0,15.4,6.2,0.0,0.0,65,58.0
Meat,Lunch,250,26.0,0.0,15.4,6.2,0.0,0.0,65,58.0
CAMPBELL,Breakfast,71,3.2,9.5,2.0,0.8,2.4,1.6,643,83.2
Grains,Breakfast,365,13.0,74.0,2.5,0.4,7.3,0.7,9,10.1
Vegetables,Snack,25,2.8,4.8,0.4,0.1,2.6,2.3,33,89.3
SQUASH,Dinner,20,0.9,4.9,0.1,0.0,1.0,2.5,1,93.3
CANDIES,Snack,387,0.2,99.4,0.2,0.1,0.0,85.2,6,0.2
CEREALS,Breakfast,333,11.3,73.4,2.6,0.5,12.0,0.6,3,11.1
BABYFOOD,Snack,71,1.8,16.0,0.4,0.2,1.2,14.8,23,80.5
BABYFOOD,Snack,71,1.8,16.0,0.4,0.2,1.2,14.8,23,80.5
CHICKEN,Snack,159,28.9,0.0,4.0,1.1,0.0,0.0,65,68.0
Dairy,Snack,113,3.2,4.3,9.3,6.1,0.0,4.3,105,82.7
SUGARS,Snack,387,0.0,99.8,0.0,0.0,0.0,99.8,2,0.2
Meat,Snack,250,26.0,0.0,15.4,6.2,0.0,0.0,65,58.0
PIGEONPEAS,Lunch,136,7.2,23.9,1.6,0.4,5.1,3.0,5,65.9
TOPPINGS,Breakfast,318,2.1,34.4,19.7,16.7,0.0,34.4,78,43.8
Vegetables,Dinner,25,2.8,4.8,0.4,0.1,2.6,2.3,33,89.3
Beverages,Breakfast,39,0.1,9.8,0.0,0.0,0.0,9.6,5,90.1
Snacks,Lunch,534,5.3,65.1,27.9,12.4,2.1,38.5,393,2.1
Fruits,Lunch,89,1.1,22.8,0.3,0.1,4.4,15.2,2,74.9
CHESTNUTS,Breakfast,213,2.4,45.5,2.3,0.4,8.1,9.0,27,40.5
CHOCOLATE-FLAVOR BEV MIX FOR MILK,Snack,405,3.3,90.9,3.1,1.8,4.8,83.9,210,0.9
LOMA LINDA DINNER CUTS,Dinner,189,12.0,9.0,12.0,1.8,4.0,1.0,380,62.0
Grains,Dinner,365,13.0,74.0,2.5,0.4,7.3,0.7,9,10.1
PASTA W/SLICED FRANKS IN TOMATO SAU,Dinner,104,3.7,11.9,4.6,1.5,0.9,3.2,482,78.2
Snacks,Snack,534,5.3,65.1,27.9,12.4,2.1,38.5,393,2.1
Snacks,Snack,534,5.3,65.1,27.9,12.4,2.1,38.5,393,2.1
Meat,Lunch,250,26.0,0.0,15.4,6.2,0.0,0.0,65,58.0
FROSTINGS,Snack,415,0.1,67.3,17.3,4.5,0.0,63.5,191,15.1
CEREALS,Dinner,377,6.8,84.4,1.8,0.3,8.7,21.2,732,4.1
BREAD,Breakfast,418,7.0,69.5,12.2,3.1,6.5,0.0,1111,7.8
Dairy,Dinner,113,3.2,4.3,9.3,6.1,0.0,4.3,105,82.7
Beverages,Breakfast,39,0.1,9.8,0.0,0.0,0.0,9.6,5,90.1
Beverages,Dinner,39,0.1,9.8,0.0,0.0,0.0,9.6,5,90.1
BEANS,Lunch,127,8.7,22.8,0.5,0.1,7.4,0.3,2,66.9
VEAL,Snack,172,21.9,0.0,8.6,4.0,0.0,0.0,82,68.8
SYRUPS,Lunch,265,0.0,69.6,0.1,0.0,0.0,42.0,61,30.1
No Category,Lunch,302,12.9,74.7,0.4,0.1,16.5,43.9,134,3.1
PEAS,Breakfast,81,5.4,14.5,0.4,0.1,5.7,5.7,5,78.9
Snacks,Lunch,534,5.3,65.1,27.9,12.4,2.1,38.5,393,2.1
POTATO CHIPS,Breakfast,547,6.6,49.7,37.5,9.8,4.2,0.9,525,1.9
Fruits,Lunch,89,1.1,22.8,0.3,0.1,4.4,15.2,2,74.9
Meat,Snack,250,26.0,0.0,15.4,6.2,0.0,0.0,65,58.0
CAULIFLOWER,Snack,25,1.9,5.0,0.3,0.1,2.0,1.9,30,92.1
Beverages,Lunch,42,0.1,10.6,0.0,0.0,0.0,10.6,2,89.3
ROCKFISH,Dinner,109,20.0,0.0,2.9,0.7,0.0,0.0,65,76.2
CORN,Dinner,86,3.3,19.0,1.2,0.2,2.4,3.2,15,74.3
Meat,Lunch,250,26.0,0.0,15.4,6.2,0.0,0.0,65,58.0
OSCAR MAYER,Snack,341,14.2,2.3,30.6,10.9,0.1,0.7,1118,49.6
CEREALS RTE,Breakfast,393,10.7,77.3,5.4,1.1,7.1,32.1,679,2.2
MORNINGSTAR FARMS MEATFREE BUFFALO WINGS,Dinner,189,12.0,9.0,12.0,1.8,4.0,1.0,380,62.0
WATERCHESTNUTS,Snack,97,1.4,23.9,0.1,0.0,3.0,4.8,14,73.5
Vegetables,Dinner,25,2.8,4.8,0.4,0.1,2.6,2.3,33,89.3
Dairy,Snack,113,3.2,4.3,9.3,6.1,0.0,4.3,105,82.7
Vegetables,Dinner,25,2.8,4.8,0.4,0.1,2.6,2.3,33,89.3
Meat,Breakfast,250,26.0,0.0,15.4,6.2,0.0,0.0,65,58.0
Dairy,Snack,113,3.2,4.3,9.3,6.1,0.0,4.3,105,82.7
PEANUT BUTTER,Snack,589,25.1,22.3,50.4,10.3,8.0,9.0,17,1.5
SOUP,Breakfast,48,2.3,8.7,0.6,0.3,1.2,2.4,460,87.4
CAMPBELL SOUP COMPANY,Dinner,48,2.3,8.7,0.6,0.3,1.2,2.4,460,87.4
CRACKERS,Dinner,503,10.1,58.2,25.3,9.4,2.4,0.3,995,3.1
BEANS,Breakfast,127,8.7,22.8,0.5,0.1,7.4,0.3,2,66.9
Vegetables,Breakfast,25,2.8,4.8,0.4,0.1,2.6,2.3,33,89.3
Beverages,Breakfast,39,0.1,9.8,0.0,0.0,0.0,9.6,5,90.1
RICE,Breakfast,130,2.7,28.2,0.3,0.1,0.4,0.1,1,68.4
BEEF,Snack,250,26.1,0.0,15.4,6.2,0.0,0.0,65,58.0
FORM BAR,Lunch,471,10.1,64.4,20.3,3.8,6.9,29.4,390,3.0
PORK,Snack,145,25.0,0.0,5.0,1.6,0.0,0.3,820,67.0
Vegetables,Snack,25,2.8,4.8,0.4,0.1,2.6,2.3,33,89.3
OIL,Breakfast,884,0.0,0.0,100.0,6.3,0.0,0.0,0,0.0
BEEF,Snack,250,26.1,0.0,15.4,6.2,0.0,0.0,65,58.0
Meat,Breakfast,250,26.0,0.0,15.4,6.2,0.0,0.0,65,58.0
PEAS,Breakfast,81,5.4,14.5,0.4,0.1,5.7,5.7,5,78.9
Beverages,Dinner,39,0.1,9.8,0.0,0.0,0.0,9.6,5,90.1
Meat,Dinner,250,26.0,0.0,15.4,6.2,0.0,0.0,65,58.0
Snacks,Lunch,534,5.3,65.1,27.9,12.4,2.1,38.5,393,2.1
PORK,Lunch,117,14.1,4.0,5.0,1.5,0.0,4.2,1308,73.0
Grains,Snack,365,13.0,74.0,2.5,0.4,7.3,0.7,9,10.1
PEANUT BUTTER,Lunch,589,25.1,22.3,50.4,10.3,8.0,9.0,17,1.5
MORNINGSTAR FARMS PHILLY CHEESESTEAK BURGER,Breakfast,189,12.0,9.0,12.0,1.8,4.0,1.0,380,62.0
Snacks,Snack,534,5.3,65.1,27.9,12.4,2.1,38.5,393,2.1
Snacks,Dinner,534,5.3,65.1,27.9,12.4,2.1,38.5,393,2.1
DOCK,Breakfast,22,2.0,3.7,0.7,0.0,2.9,0.0,3,93.0
Meat,Lunch,250,26.0,0.0,15.4,6.2,0.0,0.0,65,58.0
LAMB,Lunch,258,25.6,0.0,16.5,7.3,0.0,0.0,72,57.8
FISH,Dinner,96,20.2,0.0,1.2,0.4,0.0,0.0,48,78.2
Fruits,Dinner,89,1.1,22.8,0.3,0.1,4.4,15.2,2,74.9
Vegetables,Breakfast,25,2.8,4.8,0.4,0.1,2.6,2.3,33,89.3
Meat,Lunch,250,26.0,0.0,15.4,6.2,0.0,0.0,65,58.0
Dairy,Dinner,113,3.2,4.3,9.3,6.1,0.0,4.3,105,82.7
Dairy,Dinner,113,3.2,4.3,9.3,6.1,0.0,4.3,105,82.7
Meat,Snack,250,26.0,0.0,15.4,6.2,0.0,0.0,65,58.0
Dairy,Dinner,113,3.2,4.3,9.3,6.1,0.0,4.3,105,82.7
FRUIT PUNCH DRK,Snack,42,0.1,10.4,0.2,0.0,0.0,10.4,5,89.2
INF FORM,Snack,66,1.4,6.9,3.7,1.2,0.0,6.9,16,87.8
Beverages,Breakfast,39,0.1,9.8,0.0,0.0,0.0,9.6,5,90.1
CRACKERS,Breakfast,502,10.1,61.8,23.3,5.8,2.4,2.8,995,3.1
BUTTERFISH,Breakfast,146,17.3,0.0,8.0,1.8,0.0,0.0,97,73.9
WHEAT FLR,Lunch,364,10.3,76.3,1.0,0.2,2.7,0.3,2,11.9
BEEF,Dinner,250,26.1,0.0,15.4,6.2,0.0,0.0,65,58.0
BISCUITS,Snack,335,7.3,48.4,12.1,2.8,1.8,0.0,955,28.9
MUFFINS,Lunch,366,4.9,63.2,10.0,2.5,2.1,17.6,548,20.0
Beverages,Lunch,42,0.1,10.6,0.0,0.0,0.0,10.6,2,89.3
MACARONI,Breakfast,158,5.8,30.9,0.9,0.2,1.8,0.6,1,62.1
Beverages,Dinner,39,0.1,9.8,0.0,0.0,0.0,9.6,5,90.1
CEREALS RTE,Breakfast,377,6.8,84.4,1.8,0.3,8.7,21.2,732,4.1
Grains,Breakfast,365,13.0,74.0,2.5,0.4,7.3,0.7,9,10.1
MACARONI,Snack,158,5.8,30.9,0.9,0.2,1.8,0.6,1,62.1
ICE CREAMS,Lunch,207,3.5,20.6,11.0,6.8,0.6,18.0,80,63.9
MORNINGSTAR FARMS VEGGIE BACON STRIPS,Breakfast,346,12.4,14.3,26.6,4.2,5.1,0.8,1463,41.9
Snacks,Breakfast,534,5.3,65.1,27.9,12.4,2.1,38.5,393,2.1
Vegetables,Lunch,25,2.8,4.8,0.4,0.1,2.6,2.3,33,89.3
GELATIN DSSRT,Dinner,62,1.5,14.2,0.0,0.0,0.0,14.2,105,84.1
POTATOES,Snack,134,2.7,27.7,5.2,1.0,2.8,0.3,388,62.5
No Category,Dinner,250,15.1,1.7,20.3,5.3,0.0,1.8,1213,59.0
Beverages,Lunch,42,0.1,10.6,0.0,0.0,0.0,10.6,2,89.3
BORAGE,Snack,21,1.8,3.1,0.7,0.1,11.0,0.0,80,93.4
MARGARINE,Lunch,717,0.2,0.9,80.5,16.3,0.0,0.9,943,17.1
PINEAPPLE&GRAPEFRUIT JUC DRK,Breakfast,50,0.5,12.3,0.1,0.0,0.2,11.9,35,86.9
Beverages,Snack,42,0.1,10.6,0.0,0.0,0.0,10.6,2,89.3
CARROTS,Lunch,41,0.9,9.6,0.2,0.0,2.8,4.7,69,88.2
Vegetables,Breakfast,25,2.8,4.8,0.4,0.1,2.6,2.3,33,89.3
CATFISH,Dinner,152,18.7,0.0,8.0,1.8,0.0,0.0,80,71.6
Meat,Dinner,250,26.0,0.0,15.4,6.2,0.0,0.0,65,58.0
Beverages,Breakfast,39,0.1,9.8,0.0,0.0,0.0,9.6,5,90.1
Grains,Snack,365,13.0,74.0,2.5,0.4,7.3,0.7,9,10.1
ICE CREAMS,Lunch,207,3.5,20.6,11.0,6.8,0.6,18.0,80,63.9
PEAS,Lunch,81,5.4,14.5,0.4,0.1,5.7,5.7,5,78.9
BEEF,Lunch,250,26.1,0.0,15.4,6.2,0.0,0.0,65,58.0
Grains,Lunch,365,13.0,74.0,2.5,0.4,7.3,0.7,9,10.1
BEEF,Dinner,128,22.2,0.0,3.7,1.3,0.0,0.0,62,73.2
CAMPBELL,Dinner,48,2.3,8.7,0.6,0.3,1.2,2.4,460,87.4
FAST FOODS,Lunch,272,13.0,31.0,11.5,4.6,2.1,5.0,825,41.4
Beverages,Breakfast,39,0.1,9.8,0.0,0.0,0.0,9.6,5,90.1
Beverages,Breakfast,39,0.1,9.8,0.0,0.0,0.0,9.6,5,90.1
Dairy,Snack,113,3.2,4.3,9.3,6.1,0.0,4.3,105,82.7
CARROTS,Lunch,41,0.9,9.6,0.2,0.0,2.8,4.7,69,88.2
SNACKS,Dinner,503,7.8,65.3,23.4,2.5,5.3,1.0,15,2.1
Snacks,Breakfast,534,5.3,65.1,27.9,12.4,2.1,38.5,393,2.1
Beverages,Snack,42,0.1,10.6,0.0,0.0,0.0,10.6,2,89.3
Vegetables,Snack,25,2.8,4.8,0.4,0.1,2.6,2.3,33,89.3
CHESTNUTS,Snack,213,2.4,45.5,2.3,0.4,8.1,9.0,27,40.5
Vegetables,Lunch,25,2.8,4.8,0.4,0.1,2.6,2.3,33,89.3
BREAD,Dinner,265,9.0,49.4,3.2,0.6,2.7,5.7,491,36.9
MIXED NUTS,Dinner,607,20.0,13.7,54.0,8.2,9.6,3.1,16,2.3
COCONUT MEAT,Dinner,354,3.3,15.2,33.5,29.7,9.0,6.2,20,47.0
Beverages,Breakfast,39,0.1,9.8,0.0,0.0,0.0,9.6,5,90.1
KELLOGG,Breakfast,376,4.7,78.3,5.5,1.2,1.2,36.2,419,10.5
Grains,Dinner,365,13.0,74.0,2.5,0.4,7.3,0.7,9,10.1
Dairy,Lunch,113,3.2,4.3,9.3,6.1,0.0,4.3,105,82.7
Grains,Breakfast,365,13.0,74.0,2.5,0.4,7.3,0.7,9,10.1
CRAB,Breakfast,87,18.1,0.0,1.5,0.2,0.0,0.0,395,79.6
BEEF,Lunch,297,23.5,0.0,21.8,8.4,0.0,0.0,64,52.6
No Category,Dinner,353,15.5,71.2,7.0,1.3,9.5,0.4,35,3.0
Dairy,Dinner,113,3.2,4.3,9.3,6.1,0.0,4.3,105,82.7
Snacks,Lunch,534,5.3,65.1,27.9,12.4,2.1,38.5,393,2.1
BABYFOOD,Breakfast,71,1.8,16.0,0.4,0.2,1.2,14.8,23,80.5
Snacks,Dinner,534,5.3,65.1,27.9,12.4,2.1,38.5,393,2.1
No Category,Snack,250,20.0,15.0,12.0,3.0,2.0,8.0,400,50.0
SPAGHETTI,Lunch,131,5.0,25.1,1.1,0.2,1.8,2.9,6,66.2
CEREALS READY TO EAT,Lunch,388,3.3,90.0,1.7,0.3,3.3,46.7,533,2.5
CHICKEN,Lunch,189,29.0,0.0,7.4,2.1,0.0,0.0,70,63.1
No Category,Lunch,250,20.0,15.0,12.0,3.0,2.0,8.0,400,50.0
MORI-NU,Lunch,62,6.9,2.4,2.7,0.4,0.1,1.3,36,87.4
Vegetables,Lunch,25,2.8,4.8,0.4,0.1,2.6,2.3,33,89.3
Grains,Breakfast,365,13.0,74.0,2.5,0.4,7.3,0.7,9,10.1
BF,Lunch,250,26.1,0.0,15.4,6.2,0.0,0.0,65,58.0
NOODLES,Dinner,138,4.5,25.2,2.1,0.6,1.8,0.7,5,66.5
Grains,Breakfast,364,10.3,76.3,1.0,0.2,2.7,0.3,2,11.9
Fruits,Snack,52,0.3,13.8,0.2,0.1,2.4,10.4,1,85.4
DUCK,Snack,337,19.0,0.0,28.4,9.2,0.0,0.0,74,52.0
CRACKERS,Snack,502,10.1,61.8,23.3,5.8,2.4,2.8,995,3.1
Meat,Breakfast,250,26.0,0.0,15.4,6.2,0.0,0.0,65,58.0
LAMB,Snack,258,25.6,0.0,16.5,7.3,0.0,0.0,72,57.8
POLLOCK,Snack,92,20.4,0.0,0.9,0.2,0.0,0.0,86,78.2
Dairy,Lunch,150,8.1,11.4,8.2,5.1,0.0,11.4,105,76.9
RICE,Breakfast,130,2.7,28.2,0.3,0.1,0.4,0.1,1,68.4
Beverages,Breakfast,42,0.1,10.6,0.0,0.0,0.0,10.6,2,89.3
CRAB,Lunch,87,18.1,0.0,1.5,0.2,0.0,0.0,395,79.6
Meat,Dinner,291,26.1,0.0,20.0,7.9,0.0,0.0,53,53.7
Fruits,Breakfast,47,0.9,12.2,0.3,0.1,2.4,9.5,2,85.8
BEANS,Breakfast,127,8.7,22.8,0.5,0.1,7.4,0.3,2,66.9
Vegetables,Breakfast,25,2.8,4.8,0.4,0.1,2.6,2.3,33,89.3
TURKEY,Breakfast,189,29.1,0.0,7.4,2.1,0.0,0.0,70,63.1
LOUIS RICH,Dinner,108,17.5,1.2,3.2,1.0,0.0,0.3,1200,76.5
CHICKEN,Dinner,165,31.0,0.0,3.6,1.0,0.0,0.0,74,65.1
Fruits,Dinner,60,1.1,15.2,0.4,0.1,3.1,12.2,2,81.0
RAISINS,Dinner,299,3.1,79.2,0.5,0.2,3.7,59.2,11,15.4
CAKE,Breakfast,367,4.9,56.8,14.1,3.9,1.6,45.4,513,21.8
GAME MEAT,Snack,158,30.2,0.0,3.4,1.4,0.0,0.0,51,65.6
PIZZA,Snack,266,11.0,33.0,10.4,4.9,2.3,3.6,598,43.2
Vegetables,Snack,20,2.9,3.9,0.2,0.0,2.8,1.9,79,92.2
Grains,Snack,365,13.0,74.0,2.5,0.4,7.3,0.7,9,10.1
CANDIES,Lunch,387,0.2,99.4,0.2,0.1,0.0,85.2,6,0.2
Dairy,Dinner,113,3.2,4.3,9.3,6.1,0.0,4.3,105,82.7
Beverages,Breakfast,39,0.1,9.8,0.0,0.0,0.0,9.6,5,90.1
SYRUPS,Breakfast,265,0.0,69.6,0.1,0.0,0.0,42.0,61,30.1
Beverages,Snack,42,0.1,10.6,0.0,0.0,0.0,10.6,2,89.3
BEEF,Lunch,212,29.3,0.0,9.7,3.8,0.0,0.0,61,60.3
CEREALS,Lunch,366,8.1,75.0,5.5,2.4,4.8,0.9,1310,6.7
Beverages,Dinner,39,0.1,9.8,0.0,0.0,0.0,9.6,5,90.1
Fruits,Lunch,89,1.1,22.8,0.3,0.1,4.4,15.2,2,74.9
Fruits,Dinner,89,1.1,22.8,0.3,0.1,4.4,15.2,2,74.9
BREAD,Dinner,264,9.7,47.3,5.0,0.8,5.3,5.1,478,35.9
PEANUTS,Breakfast,567,25.8,16.1,49.2,6.3,8.5,4.7,18,6.5
PAPAYAS,Snack,43,0.5,10.8,0.3,0.1,1.7,7.8,4,88.1
BREAD,Snack,292,9.2,52.7,4.8,0.8,4.3,8.8,651,31.2
NESTLE,Lunch,534,5.3,65.1,27.9,12.4,2.1,38.5,393,2.1
CHICKEN,Snack,192,32.8,0.4,5.5,1.5,0.0,0.0,81,60.1
POUT,Dinner,79,17.1,0.0,0.9,0.3,0.0,0.0,62,81.1
ALCOHOLIC BEV,Dinner,81,0.1,1.9,0.0,0.0,0.0,0.0,0,87.1
Fruits,Snack,52,0.3,13.8,0.2,0.1,2.4,10.4,1,85.4
Vegetables,Dinner,25,2.8,4.8,0.4,0.1,2.6,2.3,33,89.3
KENTUCKY FRIED CHICK,Dinner,187,26.8,0.9,8.5,2.1,0.0,0.0,526,61.9
FAST FOODS,Dinner,272,13.0,31.0,11.5,4.6,2.1,5.0,825,41.4
Grains,Breakfast,365,13.0,74.0,2.5,0.4,7.3,0.7,9,10.1
LIMEADE,Snack,41,0.0,10.3,0.0,0.0,0.0,10.1,2,89.7
CHICKEN,Lunch,165,31.0,0.0,3.6,1.0,0.0,0.0,74,65.1
Snacks,Snack,534,5.3,65.1,27.9,12.4,2.1,38.5,393,2.1
Fruits,Dinner,89,1.1,22.8,0.3,0.1,4.4,15.2,2,74.9
Snacks,Lunch,534,5.3,65.1,27.9,12.4,2.1,38.5,393,2.1
Fruits,Dinner,89,1.1,22.8,0.3,0.1,4.4,15.2,2,74.9
Fruits,Lunch,89,1.1,22.8,0.3,0.1,4.4,15.2,2,74.9
Dairy,Dinner,113,3.2,4.3,9.3,6.1,0.0,4.3,105,82.7
Beverages,Snack,42,0.1,10.6,0.0,0.0,0.0,10.6,2,89.3
POTATO PUFFS,Lunch,190,2.1,27.8,8.6,1.8,2.5,0.3,480,59.7
PEAS,Lunch,81,5.4,14.5,0.4,0.1,5.7,5.7,5,78.9
Dairy,Snack,113,3.2,4.3,9.3,6.1,0.0,4.3,105,82.7
Snacks,Breakfast,534,5.3,65.1,27.9,12.4,2.1,38.5,393,2.1
USDA CMDTY,Breakfast,884,0.0,0.0,100.0,23.2,0.0,0.0,0,0.0
Vegetables,Snack,25,2.8,4.8,0.4,0.1,2.6,2.3,33,89.3
Snacks,Breakfast,534,5.3,65.1,27.9,12.4,2.1,38.5,393,2.1
Snacks,Lunch,534,5.3,65.1,27.9,12.4,2.1,38.5,393,2.1
Grains,Dinner,365,13.0,74.0,2.5,0.4,7.3,0.7,9,10.1
PEAS,Dinner,81,5.4,14.5,0.4,0.1,5.7,5.7,5,78.9
Beverages,Lunch,42,0.1,10.6,0.0,0.0,0.0,10.6,2,89.3
Grains,Snack,365,13.0,74.0,2.5,0.4,7.3,0.7,9,10.1
Vegetables,Breakfast,25,2.8,4.8,0.4,0.1,2.6,2.3,33,89.3
Dairy,Breakfast,61,3.4,4.7,3.3,2.0,0.0,4.7,44,87.9
Dairy,Dinner,113,3.2,4.3,9.3,6.1,0.0,4.3,105,82.7
PHEASANT,Lunch,181,25.7,0.0,7.9,2.4,0.0,0.0,37,65.0
Beverages,Lunch,42,0.1,10.6,0.0,0.0,0.0,10.6,2,89.3
COFFEE,Snack,2,0.1,0.0,0.0,0.0,0.0,0.0,2,99.4
Fruits,Dinner,89,1.1,22.8,0.3,0.1,4.4,15.2,2,74.9
POPCORN,Dinner,387,12.9,77.8,4.3,0.6,15.1,0.9,8,4.0
WALRUS,Dinner,205,37.4,0.0,5.3,1.1,0.0,0.0,95,56.8
SALAD DRSNG,Snack,449,0.0,2.5,50.1,9.1,0.0,2.5,1,47.4
BF,Snack,250,26.1,0.0,15.4,6.2,0.0,0.0,65,58.0
SQUID,Snack,92,15.6,3.1,1.4,0.4,0.0,0.0,44,79.9
Fruits,Lunch,89,1.1,22.8,0.3,0.1,4.4,15.2,2,74.9
POPEYES,Snack,203,24.2,0.6,11.5,3.4,0.0,0.0,474,61.4
Fruits,Dinner,89,1.1,22.8,0.3,0.1,4.4,15.2,2,74.9
Vegetables,Dinner,25,2.8,4.8,0.4,0.1,2.6,2.3,33,89.3
TURKEY,Dinner,273,20.0,1.2,20.5,6.9,0.0,0.0,56,57.0
Fruits,Dinner,89,1.1,22.8,0.3,0.1,4.4,15.2,2,74.9
CHEESE,Breakfast,113,6.8,1.3,9.4,5.9,0.0,1.3,515,80.5
LAMB,Dinner,258,25.6,0.0,16.5,7.3,0.0,0.0,72,57.8
Fruits,Breakfast,52,0.3,13.8,0.2,0.1,2.4,10.4,1,85.4
TURKEY,Breakfast,113,17.1,0.4,4.8,1.3,0.0,0.0,94,76.6
CANDIES,Breakfast,387,0.2,99.4,0.2,0.1,0.0,85.2,6,0.2
Beverages,Dinner,39,0.1,9.8,0.0,0.0,0.0,9.6,5,90.1
SOUP,Dinner,48,2.3,8.7,0.6,0.3,1.2,2.4,460,87.4
Fruits,Snack,52,0.3,13.8,0.2,0.1,2.4,10.4,1,85.4
CEREALS,Breakfast,377,6.8,84.4,1.8,0.3,8.7,21.2,732,4.1
PLANTAINS,Dinner,122,1.3,31.9,0.4,0.1,2.3,15.0,4,65.3
Beverages,Snack,42,0.1,10.6,0.0,0.0,0.0,10.6,2,89.3
OSTRICH,Snack,165,28.6,0.0,5.0,1.5,0.0,0.0,82,65.0
Beverages,Dinner,39,0.1,9.8,0.0,0.0,0.0,9.6,5,90.1
KENTUCKY FRIED CHICK,Snack,245,22.5,5.5,14.8,3.6,0.4,0.0,625,54.9
BABYFOOD,Lunch,404,8.7,79.9,4.2,1.0,1.0,16.7,96,4.7
BREAD,Lunch,265,9.0,49.4,3.2,0.6,2.7,5.7,491,36.9
Beverages,Dinner,39,0.1,9.8,0.0,0.0,0.0,9.6,5,90.1
Meat,Breakfast,250,26.0,0.0,15.4,6.2,0.0,0.0,65,58.0
SYRUPS,Lunch,265,0.0,69.6,0.1,0.0,0.0,42.0,61,30.1
Vegetables,Lunch,25,2.8,4.8,0.4,0.1,2.6,2.3,33,89.3
Dairy,Breakfast,61,3.4,4.7,3.3,2.0,0.0,4.7,44,87.9
FAST FOODS,Breakfast,272,13.0,31.0,11.5,4.6,2.1,5.0,825,41.4
BEANS,Snack,127,8.7,22.8,0.5,0.1,7.4,0.3,2,66.9
HODGSON MILL,Snack,376,14.1,69.2,4.7,1.4,7.6,0.0,611,8.5
Dairy,Snack,113,3.2,4.3,9.3,6.1,0.0,4.3,105,82.7
BROCCOLI,Snack,34,2.8,6.6,0.4,0.1,2.6,1.5,33,89.3
Dairy,Dinner,113,3.2,4.3,9.3,6.1,0.0,4.3,105,82.7
Vegetables,Lunch,25,2.8,4.8,0.4,0.1,2.6,2.3,33,89.3
Snacks,Lunch,534,5.3,65.1,27.9,12.4,2.1,38.5,393,2.1
OIL,Snack,884,0.0,0.0,100.0,4.6,0.0,0.0,0,0.0
Meat,Dinner,250,26.0,0.0,15.4,6.2,0.0,0.0,65,58.0
Meat,Breakfast,250,26.0,0.0,15.4,6.2,0.0,0.0,65,58.0
LOUIS RICH,Dinner,108,17.5,1.2,3.2,1.0,0.0,0.3,1200,76.5
CORN,Breakfast,365,9.4,74.3,4.7,0.7,7.3,0.6,35,10.4
FAST FD,Snack,272,13.0,31.0,11.5,4.6,2.1,5.0,825,41.4
BABYFOOD,Dinner,71,1.8,16.0,0.4,0.2,1.2,14.8,23,80.5
Fruits,Breakfast,52,0.3,13.8,0.2,0.1,2.4,10.4,1,85.4
PORK,Snack,591,7.6,0.0,61.9,22.7,0.0,0.0,624,28.9
Meat,Breakfast,250,26.0,0.0,15.4,6.2,0.0,0.0,65,58.0
OYSTER,Breakfast,68,7.1,3.9,2.5,0.6,0.0,0.0,106,85.2
MCDONALD'S,Dinner,167,1.3,28.8,5.8,0.9,2.7,21.9,383,63.0
Dairy,Lunch,113,3.2,4.3,9.3,6.1,0.0,4.3,105,82.7
TACO BELL,Breakfast,189,8.1,21.1,8.1,3.0,3.2,0.0,574,60.6
POMPANO,Snack,164,18.5,0.0,9.5,3.5,0.0,0.0,65,71.1
No Category,Breakfast,691,9.2,13.9,72.0,6.2,9.6,4.0,0,3.5
Beverages,Lunch,42,0.1,10.6,0.0,0.0,0.0,10.6,2,89.3
APPLE JUC,Lunch,46,0.1,11.3,0.1,0.0,0.2,9.6,4,88.2
Beverages,Breakfast,39,0.1,9.8,0.0,0.0,0.0,9.6,5,90.1
Grains,Snack,365,13.0,74.0,2.5,0.4,7.3,0.7,9,10.1
CUTTLEFISH,Breakfast,79,16.2,0.8,1.4,0.3,0.0,0.0,37,81.2
PUDDINGS,Snack,111,2.8,22.7,1.1,0.7,0.0,22.7,207,72.4
Meat,Dinner,250,26.0,0.0,15.4,6.2,0.0,0.0,65,58.0
CHICKEN,Lunch,224,23.6,3.6,12.7,1.8,3.6,0.0,709,58.8
MUNG BNS,Lunch,347,23.9,62.6,1.2,0.3,16.3,6.6,15,9.0
CHEESE,Dinner,402,25.2,1.3,33.1,21.1,0.0,1.3,621,39.1
Beverages,Dinner,39,0.1,9.8,0.0,0.0,0.0,9.6,5,90.1
LAMB,Lunch,317,19.9,0.0,25.7,12.8,0.0,0.0,44,52.5
PINEAPPLE,Dinner,50,0.5,13.1,0.1,0.0,1.4,9.9,1,86.0
ONIONS,Breakfast,40,1.1,9.3,0.1,0.0,1.7,4.2,4,89.1
PLUMS,Lunch,46,0.7,11.4,0.3,0.0,1.4,9.9,0,87.2
PORK,Snack,109,19.3,0.6,3.3,1.0,0.0,1.2,895,72.5
Fruits,Breakfast,52,0.3,13.8,0.2,0.1,2.4,10.4,1,85.4
LIMA BNS,Dinner,115,7.8,20.9,0.4,0.1,7.0,2.9,2,70.8
Grains,Dinner,365,13.0,74.0,2.5,0.4,7.3,0.7,9,10.1
PUDDINGS,Breakfast,111,2.8,22.7,1.1,0.7,0.0,22.7,207,72.4
Fruits,Breakfast,52,0.3,13.8,0.2,0.1,2.4,10.4,1,85.4
Vegetables,Snack,25,2.8,4.8,0.4,0.1,2.6,2.3,33,89.3
CHICKEN,Snack,165,31.0,0.0,3.6,1.0,0.0,0.0,74,65.1
Dairy,Dinner,113,3.2,4.3,9.3,6.1,0.0,4.3,105,82.7
BEEF,Snack,250,26.1,0.0,15.4,6.2,0.0,0.0,65,58.0
LAMB,Breakfast,229,17.8,0.0,17.0,8.2,0.0,0.0,74,64.9
PLUMS,Dinner,46,0.7,11.4,0.3,0.0,1.4,9.9,0,87.2
BEEF,Breakfast,250,26.1,0.0,15.4,6.2,0.0,0.0,65,58.0
GAME MEAT,Lunch,158,30.2,0.0,3.4,1.4,0.0,0.0,51,65.6
PORK,Breakfast,242,27.3,0.0,14.0,5.2,0.0,0.0,62,57.9
Meat,Lunch,250,26.0,0.0,15.4,6.2,0.0,0.0,65,58.0
CRACKERS,Lunch,502,10.1,61.8,23.3,5.8,2.4,2.8,995,3.1
OIL,Snack,884,0.0,0.0,100.0,59.7,0.0,0.0,0,0.0
MUFFINS,Snack,347,6.6,51.4,13.6,2.5,2.4,17.1,397,24.7
STOUFFER'S LN CUISINE HS STUFF CAB W/ MEAT SAU&WHPED POT,Breakfast,73,4.0,9.1,2.3,0.6,1.5,2.2,264,83.3
BEEF,Dinner,250,26.1,0.0,15.4,6.2,0.0,0.0,65,58.0
Grains,Dinner,365,13.0,74.0,2.5,0.4,7.3,0.7,9,10.1
Meat,Breakfast,250,26.0,0.0,15.4,6.2,0.0,0.0,65,58.0
Snacks,Lunch,534,5.3,65.1,27.9,12.4,2.1,38.5,393,2.1
BEEF,Lunch,231,28.0,0.0,12.4,4.8,0.0,0.0,55,59.4
Vegetables,Dinner,25,2.8,4.8,0.4,0.1,2.6,2.3,33,89.3
GRANOLA BARS,Dinner,471,10.1,64.4,20.3,3.8,6.9,29.4,390,3.0
CAULIFLOWER,Snack,25,1.9,5.0,0.3,0.1,2.0,1.9,30,92.1
COOKIES,Dinner,502,5.6,64.0,25.0,6.1,2.3,25.0,375,2.1
CEREALS,Dinner,377,6.8,84.4,1.8,0.3,8.7,21.2,732,4.1
Snacks,Lunch,534,5.3,65.1,27.9,12.4,2.1,38.5,393,2.1
Dairy,Snack,113,3.2,4.3,9.3,6.1,0.0,4.3,105,82.7
Dairy,Lunch,113,3.2,4.3,9.3,6.1,0.0,4.3,105,82.7
ONIONS,Lunch,40,1.1,9.3,0.1,0.0,1.7,4.2,4,89.1
SALMON,Lunch,153,20.5,0.0,7.3,1.6,0.0,0.0,75,68.7
BABYFOOD,Lunch,71,1.8,16.0,0.4,0.2,1.2,14.8,23,80.5
CEREALS RTE,Dinner,376,5.1,87.6,1.7,0.3,3.1,41.8,546,2.5
Snacks,Lunch,534,5.3,65.1,27.9,12.4,2.1,38.5,393,2.1
CHIVES,Breakfast,30,3.3,4.4,0.7,0.1,2.5,1.9,3,90.5
Snacks,Snack,534,5.3,65.1,27.9,12.4,2.1,38.5,393,2.1
Dairy,Lunch,113,3.2,4.3,9.3,6.1,0.0,4.3,105,82.7
RICE CAKES,Breakfast,387,7.2,81.5,2.8,0.6,4.2,0.7,29,3.1
BEANS,Breakfast,94,4.8,21.1,0.4,0.1,4.1,8.0,343,72.0
BABYFOOD,Breakfast,71,1.8,16.0,0.4,0.2,1.2,14.8,23,80.5
EGG SUBSTITUTE,Lunch,160,11.3,3.2,11.1,1.9,0.0,3.2,199,73.1
No Category,Snack,96,3.8,18.2,0.8,0.5,0.2,17.4,52,76.5
CHICKEN,Dinner,165,31.0,0.0,3.6,1.0,0.0,0.0,74,65.1
Dairy,Snack,113,3.2,4.3,9.3,6.1,0.0,4.3,105,82.7
MORNINGSTAR FARMS SAUSAGE STYLE RECIPE CRUMBLES,Lunch,164,17.8,13.7,4.2,0.6,2.0,1.1,809,61.5
CANDIES,Dinner,387,0.2,99.4,0.2,0.1,0.0,85.2,6,0.2
Grains,Snack,365,13.0,74.0,2.5,0.4,7.3,0.7,9,10.1
GARLIC,Lunch,149,6.4,33.1,0.5,0.1,2.1,1.0,17,58.6
Grains,Dinner,365,13.0,74.0,2.5,0.4,7.3,0.7,9,10.1
Fruits,Snack,52,0.3,13.8,0.2,0.1,2.4,10.4,1,85.4
Grains,Dinner,365,13.0,74.0,2.5,0.4,7.3,0.7,9,10.1
Fruits,Lunch,89,1.1,22.8,0.3,0.1,4.4,15.2,2,74.9
Fruits,Snack,52,0.3,13.8,0.2,0.1,2.4,10.4,1,85.4
Meat,Breakfast,250,26.0,0.0,15.4,6.2,0.0,0.0,65,58.0
VEAL,Lunch,172,21.9,0.0,8.6,4.0,0.0,0.0,82,68.8
LAMB,Lunch,258,25.6,0.0,16.5,7.3,0.0,0.0,72,57.8
CEREALS RTE,Dinner,377,6.8,84.4,1.8,0.3,8.7,21.2,732,4.1
Snacks,Snack,534,5.3,65.1,27.9,12.4,2.1,38.5,393,2.1
BABYFOOD,Breakfast,71,1.8,16.0,0.4,0.2,1.2,14.8,23,80.5
BREAD,Dinner,250,8.7,47.5,3.1,0.4,6.5,0.5,671,37.9
POTATOES,Lunch,77,2.0,17.5,0.1,0.0,2.2,0.8,6,79.2
Beverages,Lunch,42,0.1,10.6,0.0,0.0,0.0,10.6,2,89.3
ARCHWAY Home Style Cookies,Breakfast,502,5.6,64.0,25.0,6.1,2.3,25.0,375,2.1
BEEF,Dinner,155,20.7,0.0,7.4,2.6,0.0,0.0,79,70.3
Meat,Snack,250,26.0,0.0,15.4,6.2,0.0,0.0,65,58.0
CELERY,Dinner,16,0.7,3.0,0.2,0.0,1.6,1.8,80,95.4
Fruits,Lunch,89,1.1,22.8,0.3,0.1,4.4,15.2,2,74.9
Beverages,Snack,42,0.1,10.6,0.0,0.0,0.0,10.6,2,89.3
BF,Breakfast,140,21.1,0.0,5.5,1.8,0.0,0.0,58,72.5
COOKIES,Breakfast,424,5.4,59.1,18.9,4.8,2.5,30.0,294,15.3
Vegetables,Lunch,25,2.8,4.8,0.4,0.1,2.6,2.3,33,89.3
CEREALS RTE,Dinner,365,10.0,81.5,2.9,0.6,8.8,17.6,482,3.2
PIE FILLINGS,Snack,181,0.4,44.4,0.2,0.0,2.6,37.8,12,54.7
CHICKEN,Dinner,165,31.0,0.0,3.6,1.0,0.0,0.0,74,65.1
Vegetables,Lunch,25,2.8,4.8,0.4,0.1,2.6,2.3,33,89.3
Meat,Dinner,250,26.0,0.0,15.4,6.2,0.0,0.0,65,58.0
OIL,Snack,884,0.0,0.0,100.0,6.3,0.0,0.0,0,0.0
GRANOLA BAR,Breakfast,471,10.1,64.4,20.3,3.8,6.9,29.4,390,3.0
Grains,Dinner,365,13.0,74.0,13.0,2.5,7.3,0.4,9.0,10.1
Grains,Snack,381,7.0,77.2,4.2,0.6,3.2,5.7,469,8.8
FAST FOODS,Breakfast,272,13.0,31.0,11.5,4.6,2.1,5.0,825,41.4
CEREALS RTE,Dinner,377,6.8,84.4,1.8,0.3,8.7,21.2,732,4.1
Beverages,Snack,37,0.0,9.2,0.0,0.0,0.0,9.2,7,90.8
Dairy,Dinner,61,3.4,4.7,3.3,2.0,0.0,4.7,44,87.9
PORK,Breakfast,242,27.3,0.0,14.0,5.2,0.0,0.0,62,57.9
No Category,Snack,250,20.0,15.0,12.0,3.0,2.0,8.0,400,50.0
Meat,Dinner,478,10.0,18.3,47.1,15.2,1.4,12.0,241,23.1
MUSHROOMS,Dinner,22,3.1,3.3,0.3,0.1,1.0,1.6,5,92.4
Grains,Dinner,365,13.0,74.0,2.5,0.4,7.3,0.7,9,10.1
CEREALS,Dinner,378,7.5,84.4,1.6,0.3,8.5,12.2,590,4.2
Dairy,Lunch,42,3.4,4.9,1.5,1.0,0.0,4.9,44,89.8
SOUP,Lunch,48,2.3,8.7,0.6,0.3,1.2,2.4,460,87.4
Vegetables,Dinner,25,2.8,4.8,0.4,0.1,2.6,2.3,33,89.3
COWPEAS,Lunch,116,8.0,20.3,0.9,0.2,6.5,3.3,6,64.8
TOMATOES,Dinner,18,0.9,3.9,0.2,0.0,1.2,2.6,5,94.5
BEEF,Breakfast,250,26.1,0.0,15.4,6.2,0.0,0.0,65,58.0
CEREALS,Snack,371,13.7,68.2,6.9,1.1,9.4,1.4,3,9.4
Dairy,Dinner,113,3.2,4.3,9.3,6.1,0.0,4.3,105,82.7
Fruits,Lunch,89,1.1,22.8,0.3,0.1,4.4,15.2,2,74.9
BEEF,Snack,176,27.7,0.0,6.4,2.3,0.0,0.0,36,65.6
CEREALS RTE,Snack,415,4.8,79.7,8.8,1.6,5.5,42.4,475,2.5
BEEF,Dinner,250,26.1,0.0,15.4,6.2,0.0,0.0,65,58.0
SPINACH,Lunch,23,2.9,3.6,0.4,0.1,2.2,0.4,79,91.4
OSCAR MAYER,Breakfast,104,16.6,1.2,3.7,1.2,0.0,0.3,1348,74.6
POTATOES,Snack,77,2.0,17.5,0.1,0.0,2.2,0.8,6,79.2
ORANGE-FLAVOR DRK,Breakfast,44,0.0,11.0,0.1,0.0,0.0,10.9,10,88.7
Fruits,Lunch,67,1.0,17.1,0.4,0.1,1.6,10.7,1,80.9
PORK,Snack,242,27.3,0.0,14.0,5.2,0.0,0.0,62,57.9
Dairy,Snack,113,3.2,4.3,9.3,6.1,0.0,4.3,105,82.7
Beverages,Dinner,39,0.1,9.8,0.0,0.0,0.0,9.6,5,90.1
Fruits,Breakfast,52,0.3,13.8,0.2,0.1,2.4,10.4,1,85.4
Vegetables,Lunch,35,3.0,7.0,0.4,0.1,3.0,3.4,30,86.9
Snacks,Breakfast,534,5.3,65.1,27.9,12.4,2.1,38.5,393,2.1
Fruits,Dinner,67,1.0,17.1,0.4,0.1,1.6,10.7,1,80.9
DANISH PASTRY,Dinner,430,7.1,45.7,25.2,5.8,2.0,25.9,363,20.4
CHICKEN,Lunch,239,27.3,0.0,13.6,3.8,0.0,0.0,82,58.9
Beverages,Snack,42,0.1,10.6,0.0,0.0,0.0,10.6,2,89.3
SEAWEED,Snack,45,8.9,9.6,0.6,0.2,0.3,0.6,233,79.6
LIVER CHEESE,Lunch,328,16.4,2.5,28.7,10.6,0.0,0.0,965,51.4
BEEF,Snack,250,26.1,0.0,15.4,6.2,0.0,0.0,65,58.0
Dairy,Breakfast,61,3.4,4.7,3.3,2.0,0.0,4.7,44,87.9
Fruits,Dinner,67,1.0,17.1,0.4,0.1,1.6,10.7,1,80.9
DUCK,Breakfast,337,19.0,0.0,28.4,9.2,0.0,0.0,74,52.0
MORNINGSTAR FARMS MEATLESS CORN DOGS,Lunch,228,11.4,31.7,6.2,1.1,4.2,7.4,657,48.7
BEEF,Breakfast,257,26.8,0.0,15.8,6.2,0.0,0.0,54,56.8
POPEYES,Snack,203,24.2,0.6,11.5,3.4,0.0,0.0,474,61.4
Snacks,Breakfast,534,5.3,65.1,27.9,12.4,2.1,38.5,393,2.1
MARGARINE-LIKE SPRD,Dinner,717,0.2,0.9,80.5,16.3,0.0,0.9,943,17.1
CARROTS,Breakfast,41,0.9,9.6,0.2,0.0,2.8,4.7,69,88.2
MACARONI,Snack,158,5.8,30.9,0.9,0.2,1.8,0.6,1,62.1
BEEF,Lunch,250,26.1,0.0,15.4,6.2,0.0,0.0,65,58.0
PILLSBURY,Dinner,317,6.9,41.4,13.8,5.2,1.2,6.9,1034,33.5
SOUR CREAM,Lunch,198,3.2,4.6,19.4,12.8,0.0,4.6,78,72.0
BASS,Dinner,124,20.6,0.0,4.2,0.9,0.0,0.0,77,74.6
TURKEY,Breakfast,189,29.1,0.0,7.4,2.1,0.0,0.0,70,63.1
No Category,Breakfast,88,2.4,17.7,1.2,0.2,0.6,12.4,15,77.6
PARSLEY,Snack,36,3.0,6.3,0.8,0.1,3.3,0.9,56,87.7
CHICKEN,Snack,165,31.0,0.0,3.6,1.0,0.0,0.0,74,65.1
Snacks,Dinner,544,14.3,35.6,37.5,8.9,8.5,21.6,1337,1.9
Vegetables,Dinner,25,2.8,4.8,0.4,0.1,2.6,2.3,33,89.3
No Category,Lunch,134,14.6,1.8,7.7,2.5,0.0,0.4,883,73.0
Dairy,Snack,113,3.2,4.3,9.3,6.1,0.0,4.3,105,82.7
PINEAPPLE JUC,Snack,53,0.4,12.9,0.1,0.0,0.2,10.0,2,86.4
Beverages,Snack,42,0.1,10.6,0.0,0.0,0.0,10.6,2,89.3
CRACKERS,Breakfast,334,9.6,80.4,0.9,0.1,22.9,1.0,794,5.0
Beverages,Breakfast,39,0.1,9.8,0.0,0.0,0.0,9.6,5,90.1
FAST FOODS,Snack,272,13.0,31.0,11.5,4.6,2.1,5.0,825,41.4
CEREALS RTE,Snack,320,9.4,80.4,2.2,0.4,17.6,18.9,732,3.7
FROZEN YOGURTS,Dinner,127,3.2,20.6,4.0,2.6,0.0,20.6,63,71.0
BREAD,Snack,265,9.0,49.4,3.2,0.6,2.7,5.7,491,36.9
Snacks,Lunch,496,7.8,64.0,24.4,4.3,7.0,32.0,635,3.0
Beverages,Lunch,42,0.1,10.6,0.0,0.0,0.0,10.6,2,89.3
Grains,Snack,365,13.0,74.0,2.5,0.4,7.3,0.7,9,10.1
OIL,Lunch,884,0.0,0.0,100.0,6.2,0.0,0.0,0,0.0
PORK,Snack,242,27.3,0.0,14.0,5.2,0.0,0.0,62,57.9
Fruits,Snack,52,0.3,13.8,0.2,0.1,2.4,10.4,1,85.4
CEREALS RTE,Dinner,377,6.8,84.4,1.8,0.3,8.7,21.2,732,4.1
PORK,Dinner,242,27.3,0.0,14.0,5.2,0.0,0.0,62,57.9
Grains,Lunch,365,13.0,74.0,2.5,0.4,7.3,0.7,9,10.1
BREAD,Breakfast,265,9.0,49.4,3.2,0.6,2.7,5.7,491,36.9
Beverages,Breakfast,39,0.1,9.8,0.0,0.0,0.0,9.6,5,90.1
LASAGNA W/ MEAT & SAU,Snack,135,7.2,10.5,7.2,3.4,1.4,5.6,377,70.0
BABYFOOD,Breakfast,71,1.8,16.0,0.4,0.2,1.2,14.8,23,80.5
CREAMY DRSNG,Dinner,468,1.0,16.0,48.0,7.3,0.0,3.3,932,31.0
PUDDINGS,Breakfast,111,2.8,22.7,1.1,0.7,0.0,22.7,207,72.4
RENNIN,Dinner,87,14.0,3.7,1.7,1.1,0.0,3.7,52,79.4
CARROTS,Snack,41,0.9,9.6,0.2,0.0,2.8,4.7,69,88.2
WHEAT FLR,Snack,364,10.3,76.3,1.0,0.2,2.7,0.3,2,11.9
Dairy,Breakfast,402,21.4,4.1,33.1,20.6,0.0,4.1,628,40.1
Beverages,Breakfast,39,0.1,9.8,0.0,0.0,0.0,9.6,5,90.1
LUXURY LOAF,Breakfast,141,18.4,4.9,4.8,1.6,0.0,0.0,1225,68.2
SPAGHETTI,Dinner,131,5.0,25.1,1.1,0.2,1.8,2.9,6,66.2
Dairy,Snack,113,3.2,4.3,9.3,6.1,0.0,4.3,105,82.7
Dairy,Snack,717,0.9,3.8,80.1,50.4,0.0,3.8,85,14.6
Vegetables,Dinner,25,2.8,4.8,0.4,0.1,2.6,2.3,33,89.3
FRUIT SALAD,Lunch,70,0.9,18.1,0.2,0.1,1.2,16.0,9,79.9
GAME MEAT,Snack,197,29.1,0.0,8.1,2.4,0.0,0.0,47,60.6
VEGETABLE OIL-BUTTER SPRD,Snack,533,0.6,0.6,59.3,18.6,0.0,0.6,678,40.7
Dairy,Snack,113,3.2,4.3,9.3,6.1,0.0,4.3,105,82.7
LIMEADE,Breakfast,41,0.0,10.3,0.0,0.0,0.0,10.1,2,89.7
GOURD,Snack,56,0.7,14.3,0.3,0.1,2.5,2.5,2,82.1
LAMB,Breakfast,258,25.6,0.0,16.5,7.3,0.0,0.0,72,57.8
Snacks,Snack,534,5.3,65.1,27.9,12.4,2.1,38.5,393,2.1
OIL,Dinner,884,0.0,0.0,100.0,71.4,0.0,0.0,6,0.0
CAMPBELL,Snack,56,3.2,8.7,1.6,0.4,2.4,0.8,460,85.7
Snacks,Snack,534,5.3,65.1,27.9,12.4,2.1,38.5,393,2.1
Vegetables,Dinner,25,2.8,4.8,0.4,0.1,2.6,2.3,33,89.3
Beverages,Dinner,39,0.1,9.8,0.0,0.0,0.0,9.6,5,90.1
INF FORM,Lunch,66,1.4,6.9,3.7,1.2,0.0,6.9,16,87.8
BEEF,Breakfast,250,26.1,0.0,15.4,6.2,0.0,0.0,65,58.0
DESSERTS,Dinner,84,1.0,19.8,0.1,0.0,0.0,19.8,26050,6.5
Meat,Snack,250,26.0,0.0,15.4,6.2,0.0,0.0,65,58.0
Dairy,Breakfast,61,3.4,4.7,3.3,2.0,0.0,4.7,44,87.9
No Category,Dinner,250,20.0,15.0,12.0,3.0,2.0,8.0,400,50.0
Beverages,Lunch,42,0.1,10.6,0.0,0.0,0.0,10.6,2,89.3
Fruits,Breakfast,52,0.3,13.8,0.2,0.1,2.4,10.4,1,85.4
Vegetables,Lunch,25,2.8,4.8,0.4,0.1,2.6,2.3,33,89.3
Grains,Snack,365,13.0,74.0,2.5,0.4,7.3,0.7,9,10.1
Fruits,Lunch,89,1.1,22.8,0.3,0.1,4.4,15.2,2,74.9
Beverages,Snack,42,0.1,10.6,0.0,0.0,0.0,10.6,2,89.3
Grains,Dinner,365,13.0,74.0,2.5,0.4,7.3,0.7,9,10.1
Snacks,Lunch,534,5.3,65.1,27.9,12.4,2.1,38.5,393,2.1
Vegetables,Lunch,25,2.8,4.8,0.4,0.1,2.6,2.3,33,89.3
CEREALS RTE,Breakfast,400,3.3,86.7,5.0,1.0,3.3,30.0,533,2.3
Fruits,Snack,52,0.3,13.8,0.2,0.1,2.4,10.4,1,85.4
TOASTER PASTRIES,Snack,422,5.0,68.3,14.8,2.3,1.3,30.8,369,10.5
Dairy,Dinner,113,3.2,4.3,9.3,6.1,0.0,4.3,105,82.7
Dairy,Lunch,113,3.2,4.3,9.3,6.1,0.0,4.3,105,82.7
Vegetables,Dinner,25,2.8,4.8,0.4,0.1,2.6,2.3,33,89.3
SOUR CREAM,Lunch,198,3.2,4.6,19.4,12.8,0.0,4.6,78,72.0
FAST FOODS,Snack,272,13.0,31.0,11.5,4.6,2.1,5.0,825,41.4
Meat,Dinner,250,26.0,0.0,15.4,6.2,0.0,0.0,65,58.0
LOUIS RICH,Dinner,108,17.5,1.2,3.2,1.0,0.0,0.3,1200,76.5
Fruits,Breakfast,52,0.3,13.8,0.2,0.1,2.4,10.4,1,85.4
Vegetables,Lunch,25,2.8,4.8,0.4,0.1,2.6,2.3,33,89.3
EMU,Lunch,145,21.4,0.0,6.3,2.0,0.0,0.0,45,71.3
Grains,Snack,365,13.0,74.0,2.5,0.4,7.3,0.7,9,10.1
Snacks,Dinner,534,5.3,65.1,27.9,12.4,2.1,38.5,393,2.1
POTATOES,Lunch,260,2.8,30.2,15.0,4.5,4.5,0.0,490,49.9
Vegetables,Breakfast,25,2.8,4.8,0.4,0.1,2.6,2.3,33,89.3
Vegetables,Dinner,25,2.8,4.8,0.4,0.1,2.6,2.3,33,89.3
BEEF,Lunch,247,27.3,0.0,14.7,5.7,0.0,0.0,56,57.5
COCOA MIX,Dinner,398,6.7,83.7,4.0,2.4,3.7,65.6,504,1.5
LETTUCE,Lunch,15,1.4,2.8,0.2,0.0,1.3,0.8,28,95.1
Meat,Dinner,250,26.0,0.0,15.4,6.2,0.0,0.0,65,58.0
SCALLOP,Lunch,215,18.1,10.1,10.9,2.7,0.0,0.0,464,58.4
PORK,Dinner,242,27.3,0.0,14.0,5.2,0.0,0.0,62,57.9
CORN,Breakfast,365,9.4,74.3,4.7,0.7,7.3,0.6,35,10.4
No Category,Dinner,250,20.0,15.0,12.0,3.0,2.0,8.0,400,50.0
Snacks,Dinner,534,5.3,65.1,27.9,12.4,2.1,38.5,393,2.1
CORN,Snack,86,3.3,19.0,1.2,0.2,2.4,3.2,15,74.3
Dairy,Breakfast,61,3.4,4.7,3.3,2.0,0.0,4.7,44,87.9
Beverages,Lunch,42,0.1,10.6,0.0,0.0,0.0,10.6,2,89.3
POTATOES,Dinner,77,2.0,17.5,0.1,0.0,2.2,0.8,6,79.2
Dairy,Breakfast,61,3.4,4.7,3.3,2.0,0.0,4.7,44,87.9
Beverages,Snack,42,0.1,10.6,0.0,0.0,0.0,10.6,2,89.3
CAMPBELL SOUP COMPANY,Dinner,67,4.2,10.8,0.0,0.0,4.2,2.5,575,82.7
Grains,Lunch,365,13.0,74.0,2.5,0.4,7.3,0.7,9,10.1
SOUP,Snack,48,2.3,8.7,0.6,0.3,1.2,2.4,460,87.4
RICE BOWL W/ CHICK,Dinner,132,6.6,18.5,3.4,1.0,1.1,2.8,524,69.4
Beverages,Snack,42,0.1,10.6,0.0,0.0,0.0,10.6,2,89.3
PORK,Snack,145,20.6,0.0,6.3,2.2,0.0,0.0,50,71.9
EGG,Dinner,155,13.0,1.1,10.6,3.1,0.0,1.1,124,74.6
Vegetables,Dinner,25,2.8,4.8,0.4,0.1,2.6,2.3,33,89.3
COOKIES,Dinner,502,5.6,64.0,25.0,6.1,2.3,25.0,375,2.1
Vegetables,Snack,25,2.8,4.8,0.4,0.1,2.6,2.3,33,89.3
BEEF,Lunch,250,26.1,0.0,15.4,6.2,0.0,0.0,65,58.0
CAMPBELL SOUP COMPANY,Snack,69,3.2,12.3,0.8,0.4,1.2,4.8,353,82.4
MARGARINE-LIKE SPRD,Lunch,717,0.2,0.9,80.5,16.3,0.0,0.9,943,17.1
CEREALS RTE,Breakfast,377,6.8,84.4,1.8,0.3,8.7,21.2,732,4.1
SALAD DRSNG,Snack,449,0.0,2.5,50.1,9.1,0.0,2.5,1,47.4
Snacks,Lunch,534,5.3,65.1,27.9,12.4,2.1,38.5,393,2.1
POTATO,Breakfast,77,2.0,17.5,0.1,0.0,2.2,0.8,6,79.2
Snacks,Dinner,534,5.3,65.1,27.9,12.4,2.1,38.5,393,2.1
Vegetables,Dinner,25,2.8,4.8,0.4,0.1,2.6,2.3,33,89.3
Fruits,Breakfast,52,0.3,13.8,0.2,0.1,2.4,10.4,1,85.4
AGUTUK,Breakfast,258,21.7,0.9,18.6,5.1,0.0,0.0,95,55.2
MCDONALD'S,Dinner,272,13.0,31.0,11.5,4.6,2.1,5.0,825,41.4
Meat,Lunch,250,26.0,0.0,15.4,6.2,0.0,0.0,65,58.0
Fruits,Lunch,89,1.1,22.8,0.3,0.1,4.4,15.2,2,74.9
MORNINGSTAR FARMS CHIK'N NUGGETS,Breakfast,218,14.2,20.8,8.7,1.2,2.3,1.3,657,53.0
Dairy,Breakfast,61,3.4,4.7,3.3,2.0,0.0,4.7,44,87.9
Snacks,Breakfast,534,5.3,65.1,27.9,12.4,2.1,38.5,393,2.1
OSCAR MAYER,Lunch,108,17.5,1.2,3.2,1.0,0.0,0.3,1200,76.5
Beverages,Lunch,42,0.1,10.6,0.0,0.0,0.0,10.6,2,89.3
Vegetables,Snack,25,2.8,4.8,0.4,0.1,2.6,2.3,33,89.3
No Category,Lunch,250,20.0,15.0,12.0,3.0,2.0,8.0,400,50.0
Beverages,Lunch,42,0.1,10.6,0.0,0.0,0.0,10.6,2,89.3
FISH,Lunch,107,18.6,0.0,3.6,0.8,0.0,0.0,50,76.3
CHICKEN,Breakfast,165,31.0,0.0,3.6,1.0,0.0,0.0,74,65.1
GELATIN DSSRT,Dinner,62,1.5,14.2,0.0,0.0,0.0,14.2,105,84.1
CHEESE,Breakfast,402,25.2,1.3,33.1,21.1,0.0,1.3,621,39.1
Grains,Breakfast,365,13.0,74.0,2.5,0.4,7.3,0.7,9,10.1
ROSE HIPS,Snack,162,1.6,38.2,0.3,0.1,24.1,2.6,4,58.7
Vegetables,Snack,25,2.8,4.8,0.4,0.1,2.6,2.3,33,89.3
Grains,Snack,365,13.0,74.0,2.5,0.4,7.3,0.7,9,10.1
Grains,Snack,365,13.0,74.0,2.5,0.4,7.3,0.7,9,10.1
CANDIES,Breakfast,387,0.2,99.4,0.2,0.1,0.0,85.2,6,0.2
Grains,Breakfast,365,13.0,74.0,2.5,0.4,7.3,0.7,9,10.1
LAMB,Breakfast,258,25.6,0.0,16.5,7.3,0.0,0.0,72,57.8
Vegetables,Breakfast,25,2.8,4.8,0.4,0.1,2.6,2.3,33,89.3
No Category,Snack,250,20.0,15.0,12.0,3.0,2.0,8.0,400,50.0
SOY MEAL,Snack,339,45.0,40.1,2.4,0.3,9.6,7.0,3,6.9
Snacks,Dinner,534,5.3,65.1,27.9,12.4,2.1,38.5,393,2.1
FROSTINGS,Breakfast,415,0.1,67.3,17.3,4.5,0.0,63.5,191,15.1
SHARK,Dinner,130,20.9,0.0,4.5,1.3,0.0,0.0,79,73.3
LITCHIS,Lunch,66,0.8,16.5,0.4,0.1,1.3,15.2,1,81.8
OIL,Breakfast,884,0.0,0.0,100.0,10.3,0.0,0.0,0,0.0
Dairy,Dinner,113,3.2,4.3,9.3,6.1,0.0,4.3,105,82.7
BABYFOOD,Dinner,71,1.8,16.0,0.4,0.2,1.2,14.8,23,80.5
CINNAMON,Snack,247,4.0,80.6,1.2,0.3,53.1,2.2,10,10.6
Grains,Breakfast,365,13.0,74.0,2.5,0.4,7.3,0.7,9,10.1
CEREALS,Lunch,377,6.8,84.4,1.8,0.3,8.7,21.2,732,4.1
VEAL,Breakfast,120,20.0,0.0,3.9,1.2,0.0,0.0,95,75.2
Beverages,Snack,42,0.1,10.6,0.0,0.0,0.0,10.6,2,89.3
Snacks,Dinner,534,5.3,65.1,27.9,12.4,2.1,38.5,393,2.1
PORK,Dinner,222,24.4,0.0,13.0,4.5,0.0,0.0,55,61.7
Fruits,Dinner,89,1.1,22.8,0.3,0.1,4.4,15.2,2,74.9
TOFU,Snack,145,15.8,4.3,8.7,1.3,2.3,0.6,14,69.8
Fruits,Breakfast,52,0.3,13.8,0.2,0.1,2.4,10.4,1,85.4
Snacks,Dinner,534,5.3,65.1,27.9,12.4,2.1,38.5,393,2.1
Fruits,Lunch,89,1.1,22.8,0.3,0.1,4.4,15.2,2,74.9
PORK,Lunch,242,27.3,0.0,14.0,5.2,0.0,0.0,62,57.9
Snacks,Lunch,534,5.3,65.1,27.9,12.4,2.1,38.5,393,2.1
Dairy,Snack,113,3.2,4.3,9.3,6.1,0.0,4.3,105,82.7
MCDONALD'S,Dinner,272,13.0,31.0,11.5,4.6,2.1,5.0,825,41.4
CEREALS RTE,Breakfast,377,6.8,84.4,1.8,0.3,8.7,21.2,732,4.1
TURKEY,Breakfast,133,23.1,0.0,3.8,1.0,0.0,0.0,50,72.5
NOODLES,Snack,138,4.5,25.2,2.1,0.6,1.8,0.7,5,66.5
CAULIFLOWER,Snack,25,1.9,5.0,0.3,0.1,2.0,1.9,30,92.1
YACHTWURST,Lunch,264,16.0,2.0,21.0,8.0,0.0,0.0,1029,56.0
Vegetables,Snack,25,2.8,4.8,0.4,0.1,2.6,2.3,33,89.3
CEREALS,Snack,59,1.4,12.9,0.2,0.0,0.3,0.1,223,85.4
Snacks,Snack,534,5.3,65.1,27.9,12.4,2.1,38.5,393,2.1
Vegetables,Breakfast,25,2.8,4.8,0.4,0.1,2.6,2.3,33,89.3
CANDIES,Breakfast,387,0.2,99.4,0.2,0.1,0.0,85.2,6,0.2
Snacks,Snack,534,5.3,65.1,27.9,12.4,2.1,38.5,393,2.1
PEACHES,Breakfast,39,0.9,9.5,0.3,0.1,1.5,8.4,0,88.9
FLATFISH (FLOUNDER&SOLE SP),Lunch,91,18.8,0.0,1.2,0.3,0.0,0.0,81,79.1
No Category,Snack,250,20.0,15.0,12.0,3.0,2.0,8.0,400,50.0
CEREALS RTE,Dinner,377,6.8,84.4,1.8,0.3,8.7,21.2,732,4.1
CHICKEN,Dinner,158,27.2,0.4,4.5,1.3,0.0,0.0,67,67.7
USDA CMDTY FD,Snack,884,0.0,0.0,100.0,23.2,0.0,0.0,0,0.0
KENTUCKY FRIED CHICK,Lunch,272,13.0,31.0,11.5,4.6,2.1,5.0,825,41.4
Grains,Lunch,365,13.0,74.0,2.5,0.4,7.3,0.7,9,10.1
Fruits,Lunch,89,1.1,22.8,0.3,0.1,4.4,15.2,2,74.9
Vegetables,Breakfast,25,2.8,4.8,0.4,0.1,2.6,2.3,33,89.3
Vegetables,Snack,25,2.8,4.8,0.4,0.1,2.6,2.3,33,89.3
Grains,Breakfast,365,13.0,74.0,2.5,0.4,7.3,0.7,9,10.1
SANDWICH SPREAD,Dinner,149,8.0,9.0,9.0,1.4,3.3,4.6,630,70.0
Snacks,Dinner,534,5.3,65.1,27.9,12.4,2.1,38.5,393,2.1
PLUMS,Lunch,46,0.7,11.4,0.3,0.0,1.4,9.9,0,87.2
Meat,Dinner,250,26.0,0.0,15.4,6.2,0.0,0.0,65,58.0
GAME MEAT,Dinner,158,30.2,0.0,3.4,1.4,0.0,0.0,51,65.6
FAST FOODS,Dinner,272,13.0,31.0,11.5,4.6,2.1,5.0,825,41.4
CEREALS RTE,Breakfast,377,6.8,84.4,1.8,0.3,8.7,21.2,732,4.1
DOUGHNUTS,Snack,452,4.9,51.3,25.7,6.1,1.7,15.8,508,16.2
Dairy,Lunch,113,3.2,4.3,9.3,6.1,0.0,4.3,105,82.7
Beverages,Snack,42,0.1,10.6,0.0,0.0,0.0,10.6,2,89.3
Fruits,Lunch,89,1.1,22.8,0.3,0.1,4.4,15.2,2,74.9
RASPBERRIES,Lunch,52,1.2,11.9,0.7,0.0,6.5,4.4,1,85.8
RADISHES,Dinner,16,0.7,2.0,0.1,0.0,1.6,1.9,39,95.3
JELLIES,Breakfast,278,0.1,69.0,0.1,0.0,0.2,68.9,32,30.6
Fruits,Snack,52,0.3,13.8,0.2,0.1,2.4,10.4,1,85.4
POTATOES,Dinner,77,2.0,17.5,0.1,0.0,2.2,0.8,6,79.2
Beverages,Breakfast,39,0.1,9.8,0.0,0.0,0.0,9.6,5,90.1
Grains,Breakfast,365,13.0,74.0,2.5,0.4,7.3,0.7,9,10.1
SOUP,Breakfast,48,2.3,8.7,0.6,0.3,1.2,2.4,460,87.4
SALMON,Lunch,208,25.4,0.0,11.0,1.8,0.0,0.0,59,64.0
FAST FOODS,Lunch,272,13.0,31.0,11.5,4.6,2.1,5.0,825,41.4
Vegetables,Dinner,25,2.8,4.8,0.4,0.1,2.6,2.3,33,89.3
CRACKERS,Dinner,407,13.5,72.3,7.2,1.4,2.3,2.5,253,5.5
ICE CREAMS,Dinner,207,3.5,20.6,11.0,6.8,0.6,18.0,80,63.9
Meat,Lunch,250,26.0,0.0,15.4,6.2,0.0,0.0,65,58.0
PIE CRUST,Breakfast,518,6.2,43.9,34.4,8.6,1.9,4.5,586,13.6
LIMA BNS,Dinner,115,7.8,20.9,0.4,0.1,7.0,2.9,2,70.8
Vegetables,Snack,25,2.8,4.8,0.4,0.1,2.6,2.3,33,89.3
Beverages,Dinner,39,0.1,9.8,0.0,0.0,0.0,9.6,5,90.1
PORK,Snack,242,27.3,0.0,14.0,5.2,0.0,0.0,62,57.9
TOASTER PASTRIES,Breakfast,422,5.0,68.3,14.8,2.3,1.3,30.8,369,10.5
Dairy,Dinner,113,3.2,4.3,9.3,6.1,0.0,4.3,105,82.7
APPLE JUC,Snack,46,0.1,11.3,0.1,0.0,0.2,9.6,4,88.2
MILK,Dinner,42,3.4,5.0,1.0,0.6,0.0,5.0,44,90.1
DANDELION GRNS,Dinner,45,2.7,9.2,0.7,0.2,3.5,0.7,76,85.6
Fruits,Lunch,89,1.1,22.8,0.3,0.1,4.4,15.2,2,74.9
Meat,Breakfast,250,26.0,0.0,15.4,6.2,0.0,0.0,65,58.0
Grains,Breakfast,365,13.0,74.0,2.5,0.4,7.3,0.7,9,10.1
LAMB,Snack,219,25.5,0.0,12.3,5.6,0.0,0.0,78,62.0
BEET GRNS,Lunch,22,2.2,4.3,0.1,0.0,3.7,0.5,226,90.1
Fruits,Snack,52,0.3,13.8,0.2,0.1,2.4,10.4,1,85.4
No Category,Lunch,40,0.8,8.7,0.2,0.0,0.4,0.2,140,90.2
PIE CRUST,Snack,518,6.2,43.9,34.4,8.6,1.9,4.5,586,13.6
Grains,Breakfast,365,13.0,74.0,2.5,0.4,7.3,0.7,9,10.1
Snacks,Dinner,534,5.3,65.1,27.9,12.4,2.1,38.5,393,2.1
Snacks,Lunch,534,5.3,65.1,27.9,12.4,2.1,38.5,393,2.1
BEEF,Snack,250,26.1,0.0,15.4,6.2,0.0,0.0,65,58.0
Snacks,Lunch,534,5.3,65.1,27.9,12.4,2.1,38.5,393,2.1
Macaroni and Cheese,Breakfast,158,7.1,18.4,6.4,3.7,1.1,2.3,368,67.8
SOUP,Breakfast,48,2.3,8.7,0.6,0.3,1.2,2.4,460,87.4
Grains,Lunch,365,13.0,74.0,2.5,0.4,7.3,0.7,9,10.1
SILK COFFEE,Dinner,52,3.3,8.7,1.6,0.2,0.6,7.3,95,86.2
SUCKER,Breakfast,119,21.5,0.0,3.0,0.6,0.0,0.0,51,74.0
BEANS,Snack,127,8.7,22.8,0.5,0.1,7.4,0.3,2,66.9
ORANGE JUC,Snack,45,0.7,10.4,0.2,0.0,0.5,8.1,1,88.3
SHORTENING,Lunch,884,0.0,0.0,100.0,25.0,0.0,0.0,0,0.0
PUDDINGS,Dinner,111,2.8,22.7,1.1,0.7,0.0,22.7,207,72.4
Beverages,Breakfast,39,0.1,9.8,0.0,0.0,0.0,9.6,5,90.1
Snacks,Snack,534,5.3,65.1,27.9,12.4,2.1,38.5,393,2.1
BEEF,Snack,250,26.1,0.0,15.4,6.2,0.0,0.0,65,58.0
Fruits,Dinner,89,1.1,22.8,0.3,0.1,4.4,15.2,2,74.9
Snacks,Lunch,534,5.3,65.1,27.9,12.4,2.1,38.5,393,2.1
Fruits,Snack,52,0.3,13.8,0.2,0.1,2.4,10.4,1,85.4
PIGEONPEAS,Snack,127,8.7,22.8,0.5,0.1,7.4,0.3,2,66.9
CEREALS RTE,Snack,400,3.3,88.8,3.3,0.5,0.9,46.7,633,2.0
BEEF,Breakfast,332,14.4,0.0,30.0,11.3,0.0,0.0,67,54.4
DESSERTS,Lunch,84,1.0,19.8,0.1,0.0,0.0,19.8,26050,6.5
Fruits,Lunch,89,1.1,22.8,0.3,0.1,4.4,15.2,2,74.9
Dairy,Breakfast,61,3.4,4.7,3.3,2.0,0.0,4.7,44,87.9
Fruits,Breakfast,52,0.3,13.8,0.2,0.1,2.4,10.4,1,85.4
Fruits,Snack,52,0.3,13.8,0.2,0.1,2.4,10.4,1,85.4
WHALE,Lunch,205,37.4,0.0,5.3,1.1,0.0,0.0,95,56.8
TANGERINES,Dinner,53,0.8,13.3,0.3,0.0,1.8,10.6,2,85.2
TOASTER PASTRIES,Lunch,422,5.0,68.3,14.8,2.3,1.3,30.8,369,10.5
SALAD DRSNG,Dinner,449,0.0,2.5,50.1,9.1,0.0,2.5,1,47.4
APRICOTS,Breakfast,48,1.4,11.1,0.4,0.0,2.0,9.2,1,86.4
RICE,Breakfast,130,2.7,28.2,0.3,0.1,0.4,0.1,1,68.4
Grains,Dinner,365,13.0,74.0,2.5,0.4,7.3,0.7,9,10.1
REFRIED BNS,Dinner,92,5.4,15.4,1.4,0.6,6.9,0.6,378,70.4
CATFISH,Breakfast,105,18.5,0.0,2.9,0.7,0.0,0.0,50,77.7
BABYFOOD,Breakfast,71,1.8,16.0,0.4,0.2,1.2,14.8,23,80.5
CHICKEN,Breakfast,187,18.2,0.0,12.1,3.4,0.0,0.0,79,69.9
Grains,Breakfast,365,13.0,74.0,2.5,0.4,7.3,0.7,9,10.1
Vegetables,Breakfast,25,2.8,4.8,0.4,0.1,2.6,2.3,33,89.3
BEEF,Breakfast,316,16.3,0.0,27.3,11.3,0.0,0.0,55,54.5
Fruits,Dinner,89,1.1,22.8,0.3,0.1,4.4,15.2,2,74.9
POTATOES,Lunch,77,2.0,17.5,0.1,0.0,2.2,0.8,6,79.2
BEEF,Dinner,159,21.3,0.0,7.6,3.0,0.0,0.0,62,70.1
Dairy,Snack,113,3.2,4.3,9.3,6.1,0.0,4.3,105,82.7
EMU,Lunch,145,21.4,0.0,6.3,2.0,0.0,0.0,45,71.3
Grains,Lunch,365,13.0,74.0,2.5,0.4,7.3,0.7,9,10.1
PEAS,Snack,81,5.4,14.5,0.4,0.1,5.7,5.7,5,78.9
BABYFOOD,Dinner,71,1.8,16.0,0.4,0.2,1.2,14.8,23,80.5
PILLSBURY GRANDS,Lunch,317,6.9,41.4,13.8,5.2,1.2,6.9,1034,33.5
Dairy,Snack,113,3.2,4.3,9.3,6.1,0.0,4.3,105,82.7
Fruits,Snack,52,0.3,13.8,0.2,0.1,2.4,10.4,1,85.4
OIL,Breakfast,884,0.0,0.0,100.0,6.3,0.0,0.0,0,0.0
Meat,Snack,250,26.0,0.0,15.4,6.2,0.0,0.0,65,58.0
SPICES,Lunch,131,10.7,63.9,2.4,0.4,26.7,38.1,168,7.6
PUMPKIN&SQUASH SD KRNLS,Dinner,559,30.2,10.7,49.1,8.5,6.0,1.4,7,5.3
Meat,Dinner,250,26.0,0.0,15.4,6.2,0.0,0.0,65,58.0
HYACINTH-BEANS,Dinner,116,8.0,20.3,0.9,0.2,6.5,3.3,6,64.8
ICE CREAMS,Lunch,207,3.5,20.6,11.0,6.8,0.6,18.0,80,63.9
Vegetables,Snack,25,2.8,4.8,0.4,0.1,2.6,2.3,33,89.3
Grains,Lunch,365,13.0,74.0,2.5,0.4,7.3,0.7,9,10.1
Fruits,Breakfast,52,0.3,13.8,0.2,0.1,2.4,10.4,1,85.4
CEREALS RTE,Lunch,377,6.8,84.4,1.8,0.3,8.7,21.2,732,4.1
Beverages,Dinner,39,0.1,9.8,0.0,0.0,0.0,9.6,5,90.1
Meat,Dinner,250,26.0,0.0,15.4,6.2,0.0,0.0,65,58.0
SALAD DRSNG,Snack,449,0.0,2.5,50.1,9.1,0.0,2.5,1,47.4
MUFFINS,Breakfast,347,6.6,51.4,13.6,2.5,2.4,17.1,397,24.7
CEREALS,Snack,377,6.8,84.4,1.8,0.3,8.7,21.2,732,4.1
Beverages,Snack,42,0.1,10.6,0.0,0.0,0.0,10.6,2,89.3
BEEF,Breakfast,250,26.1,0.0,15.4,6.2,0.0,0.0,65,58.0
CORN,Lunch,365,9.4,74.3,4.7,0.7,7.3,0.6,35,10.4
CHEESE,Breakfast,375,22.1,1.7,31.2,19.7,0.1,0.6,1428,39.1
BEEF,Dinner,250,26.1,0.0,15.4,6.2,0.0,0.0,65,58.0
CATFISH,Dinner,95,16.4,0.0,2.8,0.7,0.0,0.0,43,80.4
Dairy,Lunch,113,3.2,4.3,9.3,6.1,0.0,4.3,105,82.7
MUSHROOMS,Lunch,22,3.1,3.3,0.3,0.1,1.0,1.6,5,92.4
Beverages,Dinner,39,0.1,9.8,0.0,0.0,0.0,9.6,5,90.1
Fruits,Snack,52,0.3,13.8,0.2,0.1,2.4,10.4,1,85.4
BEEF,Snack,291,25.9,0.0,20.0,7.9,0.0,0.0,53,53.7
SOUP,Dinner,48,2.3,8.7,0.6,0.3,1.2,2.4,460,87.4
PANCAKES,Dinner,227,6.4,28.3,9.7,2.1,1.4,6.2,439,52.9
CHICKEN,Dinner,165,31.0,0.0,3.6,1.0,0.0,0.0,74,65.1
OIL,Lunch,884,0.0,0.0,100.0,17.7,0.0,0.0,0,0.0
EGG,Dinner,274,14.0,1.6,23.0,7.0,0.0,0.6,3780,50.8
PRETZELS,Snack,380,11.0,79.2,2.8,0.6,2.8,2.8,1486,3.1
CRANBERRY JUC,Snack,46,0.0,12.2,0.1,0.0,0.1,11.9,2,87.1
FROZEN YOGURTS,Snack,127,3.2,20.6,4.0,2.6,0.0,20.6,63,71.0